peptide,level_1,spectrum,spectrum_file,modified_peptide,extended_peptide,prev_aa,next_aa,peptide_length,charge,retention,observed_mass,calibrated_observed_mass,observed_m/z,calibrated_observed_m/z,calculated_peptide_mass,calculated_m/z,delta_mass,expectation,hyperscore,nextscore,probability,number_of_enzymatic_termini,number_of_missed_cleavages,protein_start,protein_end,intensity,assigned_modifications,observed_modifications,total_glycan_composition,glycan_score,glycan_q-value,msfragger_localization,position_scores,best_positions,number_best_positions,shifted_only_position_scores,shifted_only_position_ions,score_best_position,ions_best_position,score_second_best_position,ions_second_best_position,score_all_unshifted,ions_all_unshifted,score_shifted_best_position,ions_shifted_best_position,score_shifted_all_positions,ions_shifted_all_positions,ion_mobility,purity,is_unique,protein,protein_id,entry_name,gene,protein_description,mapped_genes,mapped_proteins,glycosite,glycan,glycan_mass,glycoform_category,glycoform_subcategory
DSVNMTAFCDFY,11,JR_IGD_Slot2-53_1_1876.101008.101008.2,D:\MassData\rva_timsTOF_FleX\09APR2025_sf9_insect\FP_02MAY2025_Glyco_N_HCD_InGel+InSolution_search_sf9glycome\InGel\interact.pep.xml,DSVN[479]MTAFCDFY,AHYSTTNY.DSVNMTAFCDFY.LIPRSEES,Y,L,12,2,2068.1555,1834.7216,1834.7214,918.3681,918.368,1833.696,917.8553,1.0253,6.123506e-07,26.352,13.619,0.9999,2,1,213,224,0.0,"9C(57.0214), 4N(365.1322)",Mod1: Unannotated mass-shift 366.1450 (PeakApex: 366.1450),HexNAc(1)Hex(1) % 365.1322,-1.11,0.0114942528735632,DSVnMTAFCDFY,D(0.00)S(0.00)V(0.00)N(19.63)M(0.00)T(0.00)A(0.00)F(0.00)C(0.00)D(0.00)F(0.00)Y(0.00),N4,1.0,D(0.00)S(0.00)V(0.00)N(7.36)M(0.00)T(0.00)A(0.00)F(0.00)C(0.00)D(0.00)F(0.00)Y(0.00),D(0)S(0)V(0)N(4)M(0)T(0)A(0)F(0)C(0)D(0)F(0)Y(0),19.627335,10.0,0.0,0.0,26.352837,13.0,7.364598,4.0,0.0,0.0,1.1025,0.0,True,VP8_SA11,VP8_SA11,VP8_SA11,,VP8_SA11,,,198.0,HexNAc(1)Hex(1),365.1322,O-Glycan,O
GIQEQLTVSNTSQDQW,348,JR_IGD_Slot2-53_1_1876.42254.42254.2,D:\MassData\rva_timsTOF_FleX\09APR2025_sf9_insect\FP_02MAY2025_Glyco_N_HCD_InGel+InSolution_search_sf9glycome\InGel\interact.pep.xml,GIQEQLTVSN[276]TSQDQW,ENRTYTIF.GIQEQLTVSNTSQDQW.KFIDVVKT,F,K,16,2,1232.603,1994.9257,1994.923,998.4701,998.4688,1994.9068,998.4607,0.0161,0.0006490078,14.251,0.0,1.0,2,1,141,156,0.0,10N(162.0528),Mod1: A fixed +1 charge tag attached to the N-terminus of peptides (Theoretical: 162.0793); Mod1: O-pinacolylmethylphosphonylation (Theoretical: 162.0810),Hex(1) % 162.0528,-0.69,0.0114942528735632,GIQEQLTVSnTSQDQW,G(0.00)I(0.00)Q(0.00)E(0.00)Q(0.00)L(0.00)T(0.00)V(0.00)S(0.00)N(14.25)T(0.00)S(0.00)Q(0.00)D(0.00)Q(0.00)W(0.00),N10,1.0,G(0.00)I(0.00)Q(0.00)E(0.00)Q(0.00)L(0.00)T(0.00)V(0.00)S(0.00)N(3.55)T(0.00)S(0.00)Q(0.00)D(0.00)Q(0.00)W(0.00),G(0)I(0)Q(0)E(0)Q(0)L(0)T(0)V(0)S(0)N(2)T(0)S(0)Q(0)D(0)Q(0)W(0),14.251892,7.0,0.0,0.0,12.271151,6.0,3.5470278,2.0,0.0,0.0,1.1674,0.0,True,VP8_SA11,VP8_SA11,VP8_SA11,,VP8_SA11,,,132.0,Hex(1),162.0528,O-Glycan,O
MLLAPTTPGVIVEGTNNTDRW,637,JR_IGD_Slot2-53_1_1876.87530.87530.3,D:\MassData\rva_timsTOF_FleX\09APR2025_sf9_insect\FP_02MAY2025_Glyco_N_HCD_InGel+InSolution_search_sf9glycome\InGel\interact.pep.xml,M[147]LLAPTTPGVIVEGTN[479]NTDRW,FNPPVDYW.MLLAPTTPGVIVEGTNNTDRW.LATIIIEP,W,L,21,3,1848.762,2666.3179,2666.3162,889.7799,889.7793,2665.2792,889.4337,1.0369,8.846066e-06,27.713,0.0,1.0,2,1,100,120,0.0,"1M(15.9949), 16N(365.1322)",,HexNAc(1)Hex(1) % 365.1322,-1.52,0.0114942528735632,MLLAPTTPGVIVEGTnNTDRW,M(0.00)L(0.00)L(0.00)A(0.00)P(0.00)T(0.00)T(0.00)P(0.00)G(0.00)V(0.00)I(0.00)V(0.00)E(0.00)G(0.00)T(0.00)N(27.71)N(0.00)T(0.00)D(0.00)R(0.00)W(0.00),N16,1.0,M(0.00)L(0.00)L(0.00)A(0.00)P(0.00)T(0.00)T(0.00)P(0.00)G(0.00)V(0.00)I(0.00)V(0.00)E(0.00)G(0.00)T(0.00)N(7.04)N(0.00)T(0.00)D(0.00)R(0.00)W(0.00),M(0)L(0)L(0)A(0)P(0)T(0)T(0)P(0)G(0)V(0)I(0)V(0)E(0)G(0)T(0)N(4)N(0)T(0)D(0)R(0)W(0),27.713793,14.0,0.0,0.0,27.693857,14.0,7.04309,4.0,0.0,0.0,1.1282,0.0,True,VP8_SA11,VP8_SA11,VP8_SA11,,VP8_SA11,,,97.0,HexNAc(1)Hex(1),365.1322,O-Glycan,O
MLLAPTTPGVIVEGTNNTDRW,639,JR_IGD_Slot2-53_1_1876.87658.87658.3,D:\MassData\rva_timsTOF_FleX\09APR2025_sf9_insect\FP_02MAY2025_Glyco_N_HCD_InGel+InSolution_search_sf9glycome\InGel\interact.pep.xml,M[147]LLAPTTPGVIVEGTN[479]NTDRW,FNPPVDYW.MLLAPTTPGVIVEGTNNTDRW.LATIIIEP,W,L,21,3,1850.6693,2666.3184,2666.3164,889.7801,889.7794,2665.2792,889.4337,1.0372,8.629783e-08,34.756,0.0,1.0,2,1,100,120,0.0,"1M(15.9949), 16N(365.1322)",,HexNAc(1)Hex(1) % 365.1322,-1.53,0.0114942528735632,MLLAPTTPGVIVEGTnNTDRW,M(0.00)L(0.00)L(0.00)A(0.00)P(0.00)T(0.00)T(0.00)P(0.00)G(0.00)V(0.00)I(0.00)V(0.00)E(0.00)G(0.00)T(0.00)N(34.76)N(0.00)T(0.00)D(0.00)R(0.00)W(0.00),N16,1.0,M(0.00)L(0.00)L(0.00)A(0.00)P(0.00)T(0.00)T(0.00)P(0.00)G(0.00)V(0.00)I(0.00)V(0.00)E(0.00)G(0.00)T(0.00)N(9.25)N(0.00)T(0.00)D(0.00)R(0.00)W(0.00),M(0)L(0)L(0)A(0)P(0)T(0)T(0)P(0)G(0)V(0)I(0)V(0)E(0)G(0)T(0)N(5)N(0)T(0)D(0)R(0)W(0),34.75688,17.0,0.0,0.0,30.448215,15.0,9.254755,5.0,0.0,0.0,1.1319,0.0,True,VP8_SA11,VP8_SA11,VP8_SA11,,VP8_SA11,,,97.0,HexNAc(1)Hex(1),365.1322,O-Glycan,O
STTNYDSVNMTAFCDF,27,JR_IGD_Slot2-53_1_1876.103113.103113.2,D:\MassData\rva_timsTOF_FleX\09APR2025_sf9_insect\FP_02MAY2025_Glyco_N_HCD_InGel+InSolution_search_sf9glycome\InGel\interact.pep.xml,STTNYDSVN[479]MTAFCDF,PNARTAHY.STTNYDSVNMTAFCDF.YIIPRSEE,Y,Y,16,2,2108.2124,2237.8828,2237.8816,1119.9487,1119.9481,2236.8663,1119.4404,1.0152,6.039488e-05,18.376,12.812,1.0,2,2,208,223,0.0,"14C(57.0214), 9N(365.1322)",Mod1: Unannotated mass-shift 366.1450 (PeakApex: 366.1450),HexNAc(1)Hex(1) % 365.1322,-0.51,0.0114942528735632,STTNYDSVnMTAFCDF,S(0.00)T(0.00)T(0.00)N(0.00)Y(0.00)D(0.00)S(0.00)V(0.00)N(14.44)M(0.00)T(0.00)A(0.00)F(0.00)C(0.00)D(0.00)F(0.00),N9,1.0,S(0.00)T(0.00)T(0.00)N(0.00)Y(0.00)D(0.00)S(0.00)V(0.00)N(1.28)M(0.00)T(0.00)A(0.00)F(0.00)C(0.00)D(0.00)F(0.00),S(0)T(0)T(0)N(0)Y(0)D(0)S(0)V(0)N(1)M(0)T(0)A(0)F(0)C(0)D(0)F(0),14.444778,8.0,0.0,0.0,18.376558,10.0,1.2848152,1.0,0.0,0.0,1.2066,0.0,True,VP8_SA11,VP8_SA11,VP8_SA11,,VP8_SA11,,,198.0,HexNAc(1)Hex(1),365.1322,O-Glycan,O
STTNYDSVNMTAFCDF,560,JR_IGD_Slot2-53_1_1876.78067.78067.2,D:\MassData\rva_timsTOF_FleX\09APR2025_sf9_insect\FP_02MAY2025_Glyco_N_HCD_InGel+InSolution_search_sf9glycome\InGel\interact.pep.xml,STTNYDSVN[479]M[147]TAFCDF,PNARTAHY.STTNYDSVNMTAFCDF.YIIPRSEE,Y,Y,16,2,1713.3229,2253.8728,2253.8708,1127.9437,1127.9427,2252.8612,1127.4379,1.0096,0.04500388,11.887,0.0,0.9092,2,2,208,223,0.0,"10M(15.9949), 14C(57.0214), 9N(365.1322)",Mod1: Unannotated mass-shift 366.1450 (PeakApex: 366.1450),HexNAc(1)Hex(1) % 365.1322,0.09,0.0114942528735632,STTNYDSVnMTAFCDF,S(0.00)T(0.00)T(0.00)N(0.00)Y(0.00)D(0.00)S(0.00)V(0.00)N(8.35)M(0.00)T(0.00)A(0.00)F(0.00)C(0.00)D(0.00)F(0.00),N9,1.0,S(0.00)T(0.00)T(0.00)N(0.00)Y(0.00)D(0.00)S(0.00)V(0.00)N(0.00)M(0.00)T(0.00)A(0.00)F(0.00)C(0.00)D(0.00)F(0.00),S(0)T(0)T(0)N(0)Y(0)D(0)S(0)V(0)N(0)M(0)T(0)A(0)F(0)C(0)D(0)F(0),8.354825,4.0,0.0,0.0,11.88748,6.0,0.0,0.0,0.0,0.0,1.1981,0.0,True,VP8_SA11,VP8_SA11,VP8_SA11,,VP8_SA11,,,198.0,HexNAc(1)Hex(1),365.1322,O-Glycan,O
STTNYDSVNMTAFCDF,573,JR_IGD_Slot2-53_1_1876.78732.78732.2,D:\MassData\rva_timsTOF_FleX\09APR2025_sf9_insect\FP_02MAY2025_Glyco_N_HCD_InGel+InSolution_search_sf9glycome\InGel\interact.pep.xml,STTNYDSVN[479]M[147]TAFCDF,PNARTAHY.STTNYDSVNMTAFCDF.YIIPRSEE,Y,Y,16,2,1720.9519,2254.8804,2254.8784,1128.4475,1128.4465,2252.8612,1127.4379,2.0172,0.004960208,15.718,7.333,0.9997,2,2,208,223,0.0,"10M(15.9949), 14C(57.0214), 9N(365.1322)",,HexNAc(1)Hex(1) % 365.1322,-1.12,0.0114942528735632,STTNYDSVnMTAFCDF,S(0.00)T(0.00)T(0.00)N(0.00)Y(0.00)D(0.00)S(0.00)V(0.00)N(11.53)M(0.00)T(0.00)A(0.00)F(0.00)C(0.00)D(0.00)F(0.00),N9,1.0,S(0.00)T(0.00)T(0.00)N(0.00)Y(0.00)D(0.00)S(0.00)V(0.00)N(0.00)M(0.00)T(0.00)A(0.00)F(0.00)C(0.00)D(0.00)F(0.00),S(0)T(0)T(0)N(0)Y(0)D(0)S(0)V(0)N(0)M(0)T(0)A(0)F(0)C(0)D(0)F(0),11.529783,6.0,0.0,0.0,15.718847,8.0,0.0,0.0,0.0,0.0,1.1808,0.0,True,VP8_SA11,VP8_SA11,VP8_SA11,,VP8_SA11,,,198.0,HexNAc(1)Hex(1),365.1322,O-Glycan,O
STTNYDSVNMTAFCDF,601,JR_IGD_Slot2-53_1_1876.83536.83536.2,D:\MassData\rva_timsTOF_FleX\09APR2025_sf9_insect\FP_02MAY2025_Glyco_N_HCD_InGel+InSolution_search_sf9glycome\InGel\interact.pep.xml,STTNYDSVN[479]M[147]TAFCDF,PNARTAHY.STTNYDSVNMTAFCDF.YIIPRSEE,Y,Y,16,2,1789.6239,2253.875,2253.873,1127.9448,1127.9438,2252.8612,1127.4379,1.0118,0.01468926,15.832,10.017,0.9516,2,2,208,223,0.0,"10M(15.9949), 14C(57.0214), 9N(365.1322)",Mod1: Unannotated mass-shift 366.1450 (PeakApex: 366.1450),HexNAc(1)Hex(1) % 365.1322,-0.19,0.0114942528735632,STTNYDSVnMTAFCDF,S(0.00)T(0.00)T(0.00)N(0.00)Y(0.00)D(0.00)S(0.00)V(0.00)N(15.83)M(0.00)T(0.00)A(0.00)F(0.00)C(0.00)D(0.00)F(0.00),N9,1.0,S(0.00)T(0.00)T(0.00)N(0.00)Y(0.00)D(0.00)S(0.00)V(0.00)N(6.73)M(0.00)T(0.00)A(0.00)F(0.00)C(0.00)D(0.00)F(0.00),S(0)T(0)T(0)N(0)Y(0)D(0)S(0)V(0)N(4)M(0)T(0)A(0)F(0)C(0)D(0)F(0),15.832449,8.0,0.0,0.0,10.5939045,5.0,6.729451,4.0,0.0,0.0,1.2233,0.0,True,VP8_SA11,VP8_SA11,VP8_SA11,,VP8_SA11,,,198.0,HexNAc(1)Hex(1),365.1322,O-Glycan,O
STTNYDSVNMTAFCDF,612,JR_IGD_Slot2-53_1_1876.84508.84508.2,D:\MassData\rva_timsTOF_FleX\09APR2025_sf9_insect\FP_02MAY2025_Glyco_N_HCD_InGel+InSolution_search_sf9glycome\InGel\interact.pep.xml,STTNYDSVN[479]M[147]TAFCDF,PNARTAHY.STTNYDSVNMTAFCDF.YIIPRSEE,Y,Y,16,2,1804.8854,2253.876,2253.874,1127.9453,1127.9443,2252.8612,1127.4379,1.0128,0.01342765,13.988,0.0,0.9537,2,2,208,223,0.0,"10M(15.9949), 14C(57.0214), 9N(365.1322)",Mod1: Unannotated mass-shift 366.1450 (PeakApex: 366.1450),HexNAc(1)Hex(1) % 365.1322,-0.29,0.0114942528735632,STTNYDSVnMTAFCDF,S(0.00)T(0.00)T(0.00)N(0.00)Y(0.00)D(0.00)S(0.00)V(0.00)N(11.93)M(0.00)T(0.00)A(0.00)F(0.00)C(0.00)D(0.00)F(0.00),N9,1.0,S(0.00)T(0.00)T(0.00)N(0.00)Y(0.00)D(0.00)S(0.00)V(0.00)N(2.79)M(0.00)T(0.00)A(0.00)F(0.00)C(0.00)D(0.00)F(0.00),S(0)T(0)T(0)N(0)Y(0)D(0)S(0)V(0)N(2)M(0)T(0)A(0)F(0)C(0)D(0)F(0),11.929706,6.0,0.0,0.0,13.988438,7.0,2.793249,2.0,0.0,0.0,1.2329,0.0,True,VP8_SA11,VP8_SA11,VP8_SA11,,VP8_SA11,,,198.0,HexNAc(1)Hex(1),365.1322,O-Glycan,O
STTNYDSVNMTAFCDF,614,JR_IGD_Slot2-53_1_1876.84629.84629.2,D:\MassData\rva_timsTOF_FleX\09APR2025_sf9_insect\FP_02MAY2025_Glyco_N_HCD_InGel+InSolution_search_sf9glycome\InGel\interact.pep.xml,STTNYDSVN[479]M[147]TAFCDF,PNARTAHY.STTNYDSVNMTAFCDF.YIIPRSEE,Y,Y,16,2,1806.7914,2253.88,2253.878,1127.9473,1127.9463,2252.8612,1127.4379,1.0167,6.426879e-05,21.268,17.524,1.0,2,2,208,223,0.0,"10M(15.9949), 14C(57.0214), 9N(365.1322)",Mod1: Unannotated mass-shift 366.1450 (PeakApex: 366.1450),HexNAc(1)Hex(1) % 365.1322,-0.62,0.0114942528735632,STTNYDSVnMTAFCDF,S(0.00)T(0.00)T(0.00)N(0.00)Y(0.00)D(0.00)S(0.00)V(0.00)N(18.88)M(0.00)T(0.00)A(0.00)F(0.00)C(0.00)D(0.00)F(0.00),N9,1.0,S(0.00)T(0.00)T(0.00)N(0.00)Y(0.00)D(0.00)S(0.00)V(0.00)N(5.87)M(0.00)T(0.00)A(0.00)F(0.00)C(0.00)D(0.00)F(0.00),S(0)T(0)T(0)N(0)Y(0)D(0)S(0)V(0)N(4)M(0)T(0)A(0)F(0)C(0)D(0)F(0),18.876171,10.0,0.0,0.0,21.26832,11.0,5.873424,4.0,0.0,0.0,1.2316,0.0,True,VP8_SA11,VP8_SA11,VP8_SA11,,VP8_SA11,,,198.0,HexNAc(1)Hex(1),365.1322,O-Glycan,O
STTNYDSVNMTAFCDF,625,JR_IGD_Slot2-53_1_1876.86486.86486.2,D:\MassData\rva_timsTOF_FleX\09APR2025_sf9_insect\FP_02MAY2025_Glyco_N_HCD_InGel+InSolution_search_sf9glycome\InGel\interact.pep.xml,STTNYDSVN[479]M[147]TAFCDF,PNARTAHY.STTNYDSVNMTAFCDF.YIIPRSEE,Y,Y,16,2,1833.4999,2253.8687,2253.8667,1127.9416,1127.9406,2252.8612,1127.4379,1.0055,0.02653077,13.805,0.0,0.9367,2,2,208,223,0.0,"10M(15.9949), 14C(57.0214), 9N(365.1322)",Mod1: Unannotated mass-shift 366.1450 (PeakApex: 366.1450),HexNAc(1)Hex(1) % 365.1322,1.04,0.0114942528735632,STTNYDSVnMTAFCDF,S(0.00)T(0.00)T(0.00)N(0.00)Y(0.00)D(0.00)S(0.00)V(0.00)N(12.98)M(0.00)T(0.00)A(0.00)F(0.00)C(0.00)D(0.00)F(0.00),N9,1.0,S(0.00)T(0.00)T(0.00)N(0.00)Y(0.00)D(0.00)S(0.00)V(0.00)N(3.26)M(0.00)T(0.00)A(0.00)F(0.00)C(0.00)D(0.00)F(0.00),S(0)T(0)T(0)N(0)Y(0)D(0)S(0)V(0)N(2)M(0)T(0)A(0)F(0)C(0)D(0)F(0),12.983687,7.0,0.0,0.0,13.805223,7.0,3.2643209,2.0,0.0,0.0,1.2324,0.0,True,VP8_SA11,VP8_SA11,VP8_SA11,,VP8_SA11,,,198.0,HexNAc(1)Hex(1),365.1322,O-Glycan,O
STTNYDSVNMTAFCDF,626,JR_IGD_Slot2-53_1_1876.86584.86584.2,D:\MassData\rva_timsTOF_FleX\09APR2025_sf9_insect\FP_02MAY2025_Glyco_N_HCD_InGel+InSolution_search_sf9glycome\InGel\interact.pep.xml,STTNYDSVN[479]M[147]TAFCDF,PNARTAHY.STTNYDSVNMTAFCDF.YIIPRSEE,Y,Y,16,2,1835.4075,2253.876,2253.874,1127.9453,1127.9443,2252.8612,1127.4379,1.0128,6.095367e-05,24.36,7.585,1.0,2,2,208,223,0.0,"10M(15.9949), 14C(57.0214), 9N(365.1322)",Mod1: Unannotated mass-shift 366.1450 (PeakApex: 366.1450),HexNAc(1)Hex(1) % 365.1322,-0.29,0.0114942528735632,STTNYDSVnMTAFCDF,S(0.00)T(0.00)T(0.00)N(0.00)Y(0.00)D(0.00)S(0.00)V(0.00)N(18.38)M(0.00)T(0.00)A(0.00)F(0.00)C(0.00)D(0.00)F(0.00),N9,1.0,S(0.00)T(0.00)T(0.00)N(0.00)Y(0.00)D(0.00)S(0.00)V(0.00)N(4.33)M(0.00)T(0.00)A(0.00)F(0.00)C(0.00)D(0.00)F(0.00),S(0)T(0)T(0)N(0)Y(0)D(0)S(0)V(0)N(3)M(0)T(0)A(0)F(0)C(0)D(0)F(0),18.380226,10.0,0.0,0.0,24.360622,13.0,4.331628,3.0,0.0,0.0,1.2338,0.0,True,VP8_SA11,VP8_SA11,VP8_SA11,,VP8_SA11,,,198.0,HexNAc(1)Hex(1),365.1322,O-Glycan,O
STTNYDSVNMTAFCDF,627,JR_IGD_Slot2-53_1_1876.86585.86585.2,D:\MassData\rva_timsTOF_FleX\09APR2025_sf9_insect\FP_02MAY2025_Glyco_N_HCD_InGel+InSolution_search_sf9glycome\InGel\interact.pep.xml,STTNYDSVN[479]M[147]TAFCDF,PNARTAHY.STTNYDSVNMTAFCDF.YIIPRSEE,Y,Y,16,2,1835.4075,2253.874,2253.872,1127.9443,1127.9433,2252.8612,1127.4379,1.0108,0.02478848,14.923,7.55,0.9388,2,2,208,223,0.0,"10M(15.9949), 14C(57.0214), 9N(365.1322)",Mod1: Unannotated mass-shift 366.1450 (PeakApex: 366.1450),HexNAc(1)Hex(1) % 365.1322,-0.07,0.0114942528735632,STTNYDSVnMTAFCDF,S(0.00)T(0.00)T(0.00)N(0.00)Y(0.00)D(0.00)S(0.00)V(0.00)N(10.14)M(0.00)T(0.00)A(0.00)F(0.00)C(0.00)D(0.00)F(0.00),N9,1.0,S(0.00)T(0.00)T(0.00)N(0.00)Y(0.00)D(0.00)S(0.00)V(0.00)N(1.91)M(0.00)T(0.00)A(0.00)F(0.00)C(0.00)D(0.00)F(0.00),S(0)T(0)T(0)N(0)Y(0)D(0)S(0)V(0)N(1)M(0)T(0)A(0)F(0)C(0)D(0)F(0),10.144408,5.0,0.0,0.0,14.923279,7.0,1.9136821,1.0,0.0,0.0,1.1915,0.0,True,VP8_SA11,VP8_SA11,VP8_SA11,,VP8_SA11,,,198.0,HexNAc(1)Hex(1),365.1322,O-Glycan,O
STTNYDSVNMTAFCDF,630,JR_IGD_Slot2-53_1_1876.86836.86836.2,D:\MassData\rva_timsTOF_FleX\09APR2025_sf9_insect\FP_02MAY2025_Glyco_N_HCD_InGel+InSolution_search_sf9glycome\InGel\interact.pep.xml,STTNYDSVN[479]M[147]TAFCDF,PNARTAHY.STTNYDSVNMTAFCDF.YIIPRSEE,Y,Y,16,2,1839.2234,2253.8804,2253.8784,1127.9475,1127.9465,2252.8612,1127.4379,1.0172,0.0002915747,20.641,13.246,0.9995,2,2,208,223,0.0,"10M(15.9949), 14C(57.0214), 9N(365.1322)",Mod1: Unannotated mass-shift 366.1450 (PeakApex: 366.1450),HexNAc(1)Hex(1) % 365.1322,-0.66,0.0114942528735632,STTNYDSVnMTAFCDF,S(0.00)T(0.00)T(0.00)N(0.00)Y(0.00)D(0.00)S(0.00)V(0.00)N(18.25)M(0.00)T(0.00)A(0.00)F(0.00)C(0.00)D(0.00)F(0.00),N9,1.0,S(0.00)T(0.00)T(0.00)N(0.00)Y(0.00)D(0.00)S(0.00)V(0.00)N(5.58)M(0.00)T(0.00)A(0.00)F(0.00)C(0.00)D(0.00)F(0.00),S(0)T(0)T(0)N(0)Y(0)D(0)S(0)V(0)N(4)M(0)T(0)A(0)F(0)C(0)D(0)F(0),18.249758,9.0,0.0,0.0,20.641685,10.0,5.5774026,4.0,0.0,0.0,1.2417,0.0,True,VP8_SA11,VP8_SA11,VP8_SA11,,VP8_SA11,,,198.0,HexNAc(1)Hex(1),365.1322,O-Glycan,O
STTNYDSVNMTAFCDF,727,JR_IGD_Slot2-53_1_1876.99278.99278.2,D:\MassData\rva_timsTOF_FleX\09APR2025_sf9_insect\FP_02MAY2025_Glyco_N_HCD_InGel+InSolution_search_sf9glycome\InGel\interact.pep.xml,STTNYDSVN[479]MTAFCDF,PNARTAHY.STTNYDSVNMTAFCDF.YIIPRSEE,Y,Y,16,2,2037.6317,2237.8813,2237.88,1119.9479,1119.9473,2236.8663,1119.4404,1.0135,0.03762704,11.198,7.626,0.9215,2,2,208,223,0.0,"14C(57.0214), 9N(365.1322)",Mod1: Unannotated mass-shift 366.1450 (PeakApex: 366.1450),HexNAc(1)Hex(1) % 365.1322,-0.36,0.0114942528735632,STTNYDSVnMTAFCDF,S(0.00)T(0.00)T(0.00)N(0.00)Y(0.00)D(0.00)S(0.00)V(0.00)N(11.17)M(0.00)T(0.00)A(0.00)F(0.00)C(0.00)D(0.00)F(0.00),N9,1.0,S(0.00)T(0.00)T(0.00)N(0.00)Y(0.00)D(0.00)S(0.00)V(0.00)N(3.27)M(0.00)T(0.00)A(0.00)F(0.00)C(0.00)D(0.00)F(0.00),S(0)T(0)T(0)N(0)Y(0)D(0)S(0)V(0)N(2)M(0)T(0)A(0)F(0)C(0)D(0)F(0),11.170738,6.0,0.0,0.0,11.198887,6.0,3.26858,2.0,0.0,0.0,1.2254,0.0,True,VP8_SA11,VP8_SA11,VP8_SA11,,VP8_SA11,,,198.0,HexNAc(1)Hex(1),365.1322,O-Glycan,O
TIFGIQEQLTVSNTSQDQW,32,JR_IGD_Slot2-53_1_1876.103577.103577.3,D:\MassData\rva_timsTOF_FleX\09APR2025_sf9_insect\FP_02MAY2025_Glyco_N_HCD_InGel+InSolution_search_sf9glycome\InGel\interact.pep.xml,TIFGIQEQLTVSN[479]TSQDQW,VQSENRTY.TIFGIQEQLTVSNTSQDQW.KFIDVVKT,Y,K,19,3,2115.8447,2560.2126,2560.2124,854.4115,854.4114,2559.1864,854.0694,1.026,1.50661e-09,36.788,7.205,1.0,2,2,138,156,0.0,13N(365.1322),Mod1: Unannotated mass-shift 366.1450 (PeakApex: 366.1450),HexNAc(1)Hex(1) % 365.1322,1.16,0.0114942528735632,TIFGIQEQLTVSnTSQDQW,T(0.00)I(0.00)F(0.00)G(0.00)I(0.00)Q(0.00)E(0.00)Q(0.00)L(0.00)T(0.00)V(0.00)S(0.00)N(31.92)T(0.00)S(0.00)Q(0.00)D(0.00)Q(0.00)W(0.00),N13,1.0,T(0.00)I(0.00)F(0.00)G(0.00)I(0.00)Q(0.00)E(0.00)Q(0.00)L(0.00)T(0.00)V(0.00)S(0.00)N(5.53)T(0.00)S(0.00)Q(0.00)D(0.00)Q(0.00)W(0.00),T(0)I(0)F(0)G(0)I(0)Q(0)E(0)Q(0)L(0)T(0)V(0)S(0)N(3)T(0)S(0)Q(0)D(0)Q(0)W(0),31.922455,16.0,0.0,0.0,36.788593,18.0,5.5309277,3.0,0.0,0.0,0.9487,0.0,True,VP8_SA11,VP8_SA11,VP8_SA11,,VP8_SA11,,,132.0,HexNAc(1)Hex(1),365.1322,O-Glycan,O
TIFGIQEQLTVSNTSQDQW,34,JR_IGD_Slot2-53_1_1876.103601.103601.3,D:\MassData\rva_timsTOF_FleX\09APR2025_sf9_insect\FP_02MAY2025_Glyco_N_HCD_InGel+InSolution_search_sf9glycome\InGel\interact.pep.xml,TIFGIQEQLTVSN[479]TSQDQW,VQSENRTY.TIFGIQEQLTVSNTSQDQW.KFIDVVKT,Y,K,19,3,2115.8447,2560.2249,2560.2246,854.4156,854.4155,2559.1864,854.0694,1.0382,1.266922e-07,35.089,0.0,1.0,2,2,138,156,0.0,13N(365.1322),,HexNAc(1)Hex(1) % 365.1322,-1.56,0.0114942528735632,TIFGIQEQLTVSnTSQDQW,T(0.00)I(0.00)F(0.00)G(0.00)I(0.00)Q(0.00)E(0.00)Q(0.00)L(0.00)T(0.00)V(0.00)S(0.00)N(35.09)T(0.00)S(0.00)Q(0.00)D(0.00)Q(0.00)W(0.00),N13,1.0,T(0.00)I(0.00)F(0.00)G(0.00)I(0.00)Q(0.00)E(0.00)Q(0.00)L(0.00)T(0.00)V(0.00)S(0.00)N(8.49)T(0.00)S(0.00)Q(0.00)D(0.00)Q(0.00)W(0.00),T(0)I(0)F(0)G(0)I(0)Q(0)E(0)Q(0)L(0)T(0)V(0)S(0)N(4)T(0)S(0)Q(0)D(0)Q(0)W(0),35.0899,17.0,0.0,0.0,33.04282,16.0,8.494227,4.0,0.0,0.0,0.9784,0.0,True,VP8_SA11,VP8_SA11,VP8_SA11,,VP8_SA11,,,132.0,HexNAc(1)Hex(1),365.1322,O-Glycan,O
TIFGIQEQLTVSNTSQDQW,36,JR_IGD_Slot2-53_1_1876.103615.103615.3,D:\MassData\rva_timsTOF_FleX\09APR2025_sf9_insect\FP_02MAY2025_Glyco_N_HCD_InGel+InSolution_search_sf9glycome\InGel\interact.pep.xml,TIFGIQEQLTVSN[479]TSQDQW,VQSENRTY.TIFGIQEQLTVSNTSQDQW.KFIDVVKT,Y,K,19,3,2115.8447,2560.2126,2560.2124,854.4115,854.4114,2559.1864,854.0694,1.026,1.48081e-09,41.818,7.952,1.0,2,2,138,156,0.0,13N(365.1322),Mod1: Unannotated mass-shift 366.1450 (PeakApex: 366.1450),HexNAc(1)Hex(1) % 365.1322,1.16,0.0114942528735632,TIFGIQEQLTVSnTSQDQW,T(0.00)I(0.00)F(0.00)G(0.00)I(0.00)Q(0.00)E(0.00)Q(0.00)L(0.00)T(0.00)V(0.00)S(0.00)N(36.82)T(0.00)S(0.00)Q(0.00)D(0.00)Q(0.00)W(0.00),N13,1.0,T(0.00)I(0.00)F(0.00)G(0.00)I(0.00)Q(0.00)E(0.00)Q(0.00)L(0.00)T(0.00)V(0.00)S(0.00)N(6.47)T(0.00)S(0.00)Q(0.00)D(0.00)Q(0.00)W(0.00),T(0)I(0)F(0)G(0)I(0)Q(0)E(0)Q(0)L(0)T(0)V(0)S(0)N(3)T(0)S(0)Q(0)D(0)Q(0)W(0),36.815277,18.0,0.0,0.0,41.81895,20.0,6.473464,3.0,0.0,0.0,0.971,0.0,True,VP8_SA11,VP8_SA11,VP8_SA11,,VP8_SA11,,,132.0,HexNAc(1)Hex(1),365.1322,O-Glycan,O
TVDLSDEIQEIGSTKSQNVTINPGPFAQTGY,717,JR_IGD_Slot2-53_1_1876.97677.97677.3,D:\MassData\rva_timsTOF_FleX\09APR2025_sf9_insect\FP_02MAY2025_Glyco_N_HCD_InGel+InSolution_search_sf9glycome\InGel\interact.pep.xml,TVDLSDEIQEIGSTKSQN[479]VTINPGPFAQTGY,RQIITNSY.TVDLSDEIQEIGSTKSQNVTINPGPFAQTGY.APVNWGPG,Y,A,31,3,2010.9263,3674.7783,3674.7751,1225.9334,1225.9323,3673.7369,1225.5862,1.0382,7.875e-10,40.915,0.0,1.0,2,2,33,63,0.0,18N(365.1322),Mod1: Unannotated mass-shift 366.1450 (PeakApex: 366.1450),HexNAc(1)Hex(1) % 365.1322,0.74,0.0114942528735632,TVDLSDEIQEIGSTKSQnVTINPGPFAQTGY,T(0.00)V(0.00)D(0.00)L(0.00)S(0.00)D(0.00)E(0.00)I(0.00)Q(0.00)E(0.00)I(0.00)G(0.00)S(0.00)T(0.00)K(0.00)S(0.00)Q(0.00)N(40.92)V(0.00)T(0.00)I(0.00)N(0.00)P(0.00)G(0.00)P(0.00)F(0.00)A(0.00)Q(0.00)T(0.00)G(0.00)Y(0.00),N18,1.0,T(0.00)V(0.00)D(0.00)L(0.00)S(0.00)D(0.00)E(0.00)I(0.00)Q(0.00)E(0.00)I(0.00)G(0.00)S(0.00)T(0.00)K(0.00)S(0.00)Q(0.00)N(8.52)V(0.00)T(0.00)I(0.00)N(0.00)P(0.00)G(0.00)P(0.00)F(0.00)A(0.00)Q(0.00)T(0.00)G(0.00)Y(0.00),T(0)V(0)D(0)L(0)S(0)D(0)E(0)I(0)Q(0)E(0)I(0)G(0)S(0)T(0)K(0)S(0)Q(0)N(5)V(0)T(0)I(0)N(0)P(0)G(0)P(0)F(0)A(0)Q(0)T(0)G(0)Y(0),40.915314,20.0,0.0,0.0,35.44962,18.0,8.516733,5.0,0.0,0.0,1.2043,0.0,True,VP8_SA11,VP8_SA11,VP8_SA11,,VP8_SA11,,,32.0,HexNAc(1)Hex(1),365.1322,O-Glycan,O
